,Tweets,len,ID,Date,Source,Likes,RTs,User Location,Geo,Coordinates
0,Balan√ßo da Semana: Cidades+Verdes CAU / Cadastro Ambiental Rural Audi√™ncia P√∫blica  Combate √†s Queimadas no Pantanal https://t.co/KLfpRsMOs5,140,1309680288965025793,2020-09-26 02:24:48,Twitter for iPhone,7083,1368,"S√£o Paulo, Brasil",,
1,"Mesmo com os focos de inc√™ndio que acometem o Pantanal e outros biomas brasileiros, a √°rea queimada em todo o territ√≥rio nacional √© a menor dos √∫ltimos 18 anos. Dados do @inpe_mct revelam que 2007 foi o ano em que o Brasil mais sofreu com as queimadas. https://t.co/3CMD2YZdA4",276,1309870492174745601,2020-09-26 15:00:36,Twitter Web App,2917,805,,,
2,"As queimadas n√£o s√£o novidade. Felizmente, a situa√ß√£o recente √© MUITO melhor do que j√° foi. Os fatos evidenciam que toda a histeria em torno da quest√£o ambiental n√£o passa de narrativa mentirosa, criada para desgastar o Governo do Brasil e seus representantes. https://t.co/BaXcPtHuSI",284,1309633736909230086,2020-09-25 23:19:49,Twitter Web App,2424,734,,,
3,Imagine s√≥ voc√™ fazer parte de um grupo de Facebook ou WhatsApp e quando algu√©m manda uma foto mostrando a floresta pegando fogo ou um animal morto pelas queimadas voc√™ imediatamente considera ele um inimigo ‚Äúcomunista‚Äù... significa que voc√™ se tornou um monstro e n√£o percebeu...,280,1309462619594600449,2020-09-25 11:59:51,Twitter for iPhone,3451,424,"Sao Paulo, Brazil",,
4,"F. Recursos para o enfrentamento √†s chamas do Pantanal: @mdregional_br destina R$ 13,9 milh√µes para combate √†s queimadas: aquisi√ß√£o de equipamentos, loca√ß√£o de ve√≠culos, maquin√°rios e aeronaves. Realiza√ß√£o de 32 a√ß√µes no Mato Grosso e 37 no Mato Grosso do Sul. @rogeriosmarinho https://t.co/3StPW7k1ay",301,1309445792969699328,2020-09-25 10:53:00,Twitter for iPhone,5793,1297,"Bras√≠lia, Brasil",,
5,‚Äú√çndios e caboclos?‚Äù PF j√° tem provas para indiciar fazendeiros de MS por queimadas no Pantanal - 25/09/2020 - UOL Not√≠cias https://t.co/7f0BEu19cf @UOLNoticias #UOL,165,1309466879661150208,2020-09-25 12:16:47,Twitter for iPhone,814,267,"S√£o Paulo, Brasil",,
6,Informa√ß√µes sobre as queimadas. Compartilhe para que mais pessoas se informem da maneira correta! https://t.co/5Lv5rHoece,121,1309496416377634817,2020-09-25 14:14:09,Twitter for Android,781,266,"S√£o Paulo, Brasil",,
7,"O gov reduziu as verbas p/ brigadas de inc√™ndio florestal em 58% em 1 ano. De R$23,78 mi em 2019 p/ R$9,99 mi em 2020.  Das verbas p/ combater e fiscalizar queimadas, o gov usou apenas 36% este ano. Dos R$173,8 mi liberados, foram utilizados R$61,8 mi.  Agr clamam p/ S√£o Pedro ü§°",279,1309886128254783490,2020-09-26 16:02:44,Twitter for Android,1549,375,Brasil,,
8,"N√£o h√° pa√≠s que preserve como o Brasil! Al√©m da libera√ß√£o de R$ 13,9 milh√µes para o enfrentamento √†s queimadas no Pantanal, o Governo Federal investe em uma s√©rie de programas voltados √† preserva√ß√£o e prote√ß√£o do meio ambiente. https://t.co/SSae4uF3Uq",251,1309844066155323395,2020-09-26 13:15:35,Twitter Web App,676,190,,,
9,"Meu agradecimento para a equipe  de brigadistas de MG, al√©m de outras equipe de outras partes do Brasil, que vieram nos ajudar nesse combate √†s queimadas no Pantanal! https://t.co/aTbwRO8G33",190,1309278892390309890,2020-09-24 23:49:47,Twitter for iPhone,7037,1287,"S√£o Paulo, Brasil",,
10,"'Eu vi a face do horror', diz fot√≥grafo Araqu√©m Alc√¢ntara, que retrata a natureza brasileira h√° mais de 50 anos, sobre queimadas no Pantanal https://t.co/K5zpGWAlvD #G1 https://t.co/HyMtukwtTZ",192,1309875374549950464,2020-09-26 15:20:00,TweetDeck,1323,179,Brasil,,
11,PF j√° tem provas para indiciar fazendeiros de MS por queimadas no Pantanal  Ao menos quatro fazendeiros da regi√£o da Serra do Amolar podem ser indiciados https://t.co/pgBjBd9Jxh via @UOLNoticias @UOL,199,1309439496627408897,2020-09-25 10:27:58,Twitter Web App,736,165,,,
12,O Pantanal sofre com o maior n√∫mero de queimadas da hist√≥ria. Essa trag√©dia n√£o tem origem natural nem os povos ind√≠genas s√£o respons√°veis. S√≥ um presidente estelionat√°rio e mentiroso compulsivo √© capaz de falar esses absurdos!  https://t.co/4AQuPRqQ80,252,1309873659725705222,2020-09-26 15:13:11,Twitter Web App,1028,204,"Fortaleza, Brasil",,
13,"E agora? Via Terra Brasil. Segundo reportagem do portal, dado revela que o n√∫mero de queimadas em todo pa√≠s esse ano √© cinco vezes menor do que em 2007. https://t.co/7cN4D01NkK",176,1309879017840037888,2020-09-26 15:34:28,Twitter for Android,562,164,"S√£o Paulo, Brasil",,
14,"Fogo que destruiu 25 mil hectares no #Pantanal de MS come√ßou em grandes fazendas, para transformar mata em pastagem,  aponta PF. Advogado diz que um dos fazendeiros colabora com as investiga√ß√µes 'pois √© uma das v√≠timas das queimadas' #AjudaPantanal  https://t.co/J3okg9hSCp https://t.co/Euo2P41Gnn",297,1309454547866267648,2020-09-25 11:27:47,Twitter for Android,507,215,RJ/MG,,
15,"Por tr√°s das queimadas est√£o o garimpo e o agro-neg√≥cio, ambos apoiados e protegidos pelo Bolsonaro !",101,1309277033718050817,2020-09-24 23:42:24,Twitter Web App,475,98,Porto Alegre,,
16,"#Opera√ß√£oPantanal Entre ontem e hoje (24), em apoio √†s a√ß√µes de combate aos focos de queimadas no bioma Pantanal, a Marinha, por meio da aeronave Super Cougar, realizou infiltra√ß√£o de brigadistas do @ICMBio na reserva Taiam√£, em Mato Grosso. https://t.co/u4vuLn6gaY",265,1309251087283687426,2020-09-24 21:59:18,Twitter for iPhone,589,84,Brasil,,
17,"CONVOCA√á√ÉO - O ministro Salles ser√° convocado para explicar a falta de a√ß√£o do governo no combate √†s queimadas. ""Ele sobrevoou o Pantanal em chamas e n√£o fez absolutamente nada, n√£o colocou nada a disposi√ß√£o‚Äù, criticou a dep. @prof_rosaneide.  Leia mais: https://t.co/lQW8jCIWKt https://t.co/jKZQ80Ml0N",302,1309250137869488133,2020-09-24 21:55:32,Twitter Web App,78,37,Bras√≠lia-DF-Brasil,,
18,DOA√á√ïES PARA OS POVOS IND√çGENAS ATINGIDOS PELAS QUEIMADAS NO PANTANAL DE MATO GROSSO (MT)  Caixa Econ√¥mica Federal Ag√™ncia: 0016 Op: 013 - Conta Poupan√ßa Conta: 00082342-1  Favorecido: Federa√ß√£o dos Povos e Organiza√ß√µes Ind√≠genas de Mato Grosso  CNPJ: 32.678.220/0001-65  +++,275,1307500501743865856,2020-09-20 02:03:06,Twitter for iPhone,4257,3616,,,
19,"‚ö†Ô∏è Nessa sexta (25), vai ter ato mundial em defesa do meio ambiente e contra as queimadas criminosas no nosso pa√≠s. Em S√£o Paulo, a manifesta√ß√£o ser√° em frente √† sede do Ibama. Muito importante a mobiliza√ß√£o para denunciar os crimes de Salles e Bolsonaro. #ChegaDeQueimadas https://t.co/OcJ1K5PuW6",297,1309267848422973443,2020-09-24 23:05:54,Twitter for Android,133,31,S√£o Paulo,,
20,"Em rela√ß√£o ao ano passado, s√£o 507 brigadistas a mais, que est√£o participando de a√ß√µes conjuntas com √≥rg√£os estaduais, For√ßas Armadas e outras brigadas no combate √†s queimadas no Pantanal.  Fonte: Minist√©rio do Meio Ambiente",224,1309231285563461633,2020-09-24 20:40:37,Twitter Web App,178,45,,,
21,#Fant√°stico teve acesso aos detalhes do inqu√©rito que investiga a origem de focos de queimadas no Pantanal. Imagens de sat√©lite mostraram o caminho do fogo e a Pol√≠cia Federal suspeita da a√ß√£o criminosa de criadores de gado da regi√£o: https://t.co/Kg1S5g2kq1,258,1307827521514278920,2020-09-20 23:42:34,TweetDeck,2266,602,Brasil,,
22,Lewis Hamilton protagoniza v√≠deo que denuncia queimadas na Amaz√¥nia para o mundo | Revista F√≥rum https://t.co/LLquSotMy0,120,1306802794528215040,2020-09-18 03:50:40,Twitter for iPhone,3590,805,,,
23,"Estados Unidos, Australia, Argentina, √Årtico, Pantanal, Siberia...inc√™ndios florestais ocorrendo no mundo todo. Total empenho do Governo Federal no combate √†s queimadas: assist√™ncia √†s pessoas e aos animais. Centenas de brigadistas, avi√µes, helic√≥pteros e recursos empregados. https://t.co/m6ogWLJOgg",300,1307109601100341248,2020-09-19 00:09:48,Twitter for iPhone,10794,2451,"S√£o Paulo, Brasil",,
24,"O avi√£o de Bolsonaro teve que arremeter por causa da fuma√ßa de queimadas no Pantanal um dia depois dele dizer que o Brasil est√° de parab√©ns na preserva√ß√£o ambiental.  Bolsonaro pode fingir que n√£o ouve, mas a natureza segue gritando.",233,1307038033473142785,2020-09-18 19:25:25,Twitter Web App,6686,1172,,,
25,Discurso de Bolsonaro na ONU: as vers√µes e os fatos   ‚úîÔ∏è‚ÄùOs focos criminosos (de queimadas) s√£o combatidos com rigor e determina√ß√£o‚Äù üëáüèº  (Presidente jamais cobrou a puni√ß√£o dos respons√°veis pelo ‚ÄúDia do Fogo‚Äù no Par√° e desmobilizou aparato de preven√ß√£o e combate ao fogo)  ‚¨áÔ∏è https://t.co/kiGy7NY0Ak,299,1308417043977437184,2020-09-22 14:45:07,Twitter for iPhone,7002,1680,"Rio de Janeiro, Brasil",,
26,"Racismo √© estarmos em 2020 com negros, ind√≠genas, ciganos entre outros vivendo √† margem. Racismo √© ministra dos direitos humanos pedindo que seja vetado acesso √† √°gua pot√°vel e UTI para ind√≠genas na pandemia. Racismo √© comunidades tradicionais serem afetadas pelas queimadas.",275,1307390019909423112,2020-09-19 18:44:05,Twitter for iPhone,5099,1381,,,
27,O avi√£o de Bolsonaro arremeteu hoje no Mato Grosso por causa da fuma√ßa das queimadas no Pantanal. Ele foi ao estado para compromissos com o agroneg√≥cio. Considera que os inc√™ndios s√£o normais. Parece que a natureza n√£o concorda e deu um jeito de mostrar isso.,259,1307013569922445314,2020-09-18 17:48:12,Twitter for Android,9542,1177,,,
28,Avi√£o de Bolsonaro √© obrigado a arremeter por causa de queimadas em MT https://t.co/rGLl64vQaN #G1 https://t.co/w3IXL1MwV4,122,1306971621039710208,2020-09-18 15:01:31,TweetDeck,21335,2040,Brasil,,
29,"Resumo do discurso de Bolsonaro na ONU:  - Aux√≠lio Emergencial teve parcelas de 1000 d√≥lares  - Quem promove queimadas s√£o ""√≠ndios e caboclos""  - Combate √† ""cristofobia"" √© prioridade  - Puxa-saco de Trump pelos acordos pr√≥-Israel  O sujeito √© uma f√°brica de fake news e sandices.",279,1308405567459917825,2020-09-22 13:59:30,Twitter Web App,2731,648,"S√£o Paulo, Brasil",,
30,"Sem citar governo de Bolsonaro, piloto participou de campanha da WWF, na qual diz que ‚Äúqueimadas s√£o deliberadas, focadas no desmatamento, causam devasta√ß√£o generalizada e sofrimento inimagin√°vel para as comunidades ind√≠genas‚Äù https://t.co/Wxj97qm3rz",250,1306779326004822017,2020-09-18 02:17:24,TweetDeck,2491,663,Brasil,,
31,"&gt;@EstadaoEsporte Em v√≠deo, Lewis Hamilton faz campanha para conter queimadas na Amaz√¥nia https://t.co/zbYddg0Rvq",115,1306671764953427972,2020-09-17 19:10:00,TweetDeck,2124,259,S√£o Paulo,,
32,Ricardo Salles culpa 'vis√£o ideol√≥gica' por aumento de queimadas https://t.co/ekq8YAbzxA,88,1306660471458668544,2020-09-17 18:25:07,Zapier.com,688,160,Brasil,,
33,"‚ÄúAs queimadas destru√≠ram ro√ßas, queimaram casas. Estamos muitos preocupado com as nossas matas porque √© delas que retiramos o nosso sustento, as nossas medica√ß√µes tradicionais. Com a queimada, tudo isso est√° comprometido. Tudo est√° acabando‚Äù, diz Alessandra Guat√≥, do povo Guat√≥.",279,1306651073181093890,2020-09-17 17:47:46,Twitter Web App,859,298,"S√£o Paulo, Brasil",,
34,Bolsonaro ignora queimadas e desmatamento e diz que o Brasil est√° de 'parab√©ns' na quest√£o ambiental: '√â o Pa√≠s que mais preserva o meio ambiente' https://t.co/eCREJ7Alcw,170,1306681831287222273,2020-09-17 19:50:00,TweetDeck,1122,237,S√£o Paulo,,
35,"V√çDEO: ‚ÄòO tempo est√° se esgotando‚Äô, diz Hamilton em campanha contra queimadas na Amaz√¥nia https://t.co/K9aW6LlH5A",113,1306768002050916353,2020-09-18 01:32:24,Twitter Web App,581,171,"Sao Paulo, Brazil",,
36,"Brasil sofre inqu√©rito da ONU pelas queimadas, desmatamentos e viola√ß√µes aos direitos humanos.",94,1306680684422074368,2020-09-17 19:45:26,Twitter for iPhone,1411,247,"√úT: -23.542504,-46.657429",,
37,"O Ministro do Meio Ambiente @rsallesmma esteve ao vivo no @programapanico, falando a verdade sobre a Amaz√¥nia, o Pantanal, queimadas e outros assuntos.  Assista online no link: https://t.co/lyUjSj11am",200,1306659201649958912,2020-09-17 18:20:04,Twitter for iPhone,678,154,S√£o Paulo - SP,,
38,"O Pantanal bateu o recorde hist√≥rico de queimadas para o m√™s de setembro, mas Bolsonaro disse que o Brasil est√° de parab√©ns no cuidado com o meio ambiente. √â criminosa a forma como o presidente mente para o povo. O que o governo faz √© um verdadeiro genoc√≠dio das nossas florestas.",280,1306702992180215809,2020-09-17 21:14:05,Twitter for iPhone,540,107,"Niter√≥i, Brasil",,
39,Voc√™ tem ideia da dimens√£o das queimadas no Pantanal?  Essa imagem mostra os focos de inc√™ndio na regi√£o da terra dos Guat√≥ apenas de julho a setembro. O fogo varreu a terra e o Parque Estadual do Encontro das √Åguas üëáüèΩ https://t.co/JpZ44We3Cf,242,1306650082683564033,2020-09-17 17:43:50,Twitter Web App,164,82,"S√£o Paulo, Brasil",,
40,"Recorde de queimadas, desmatamento, destrui√ß√£o de biomas, da fauna, da flora e Bolsonaro diz que Brasil est√° de ‚Äúparab√©ns por preserva√ß√£o ambiental‚Äù?  √â muito cinismo!",167,1306658937907929096,2020-09-17 18:19:02,Twitter for iPhone,788,148,"Brasil, Distrito Federal",,
41,"A P√∫blica conversou com um agente do PrevFogo, do Sistema Nacional de Preven√ß√£o e Combate aos Inc√™ndios Florestais, que n√£o quis se identificar. Segundo o servidor, os monitoramentos meteorol√≥gicos j√° apontavam a intensifica√ß√£o das queimadas em 2020, mas governo demorou a agir.",278,1306651077572517890,2020-09-17 17:47:47,Twitter Web App,468,129,"S√£o Paulo, Brasil",,
42,"Dados de sat√©lites s√£o a base para o combate ao desmatamento e queimadas, e devem ser p√∫blicos. O chefe do Conselho da Amaz√¥nia deveria saber que ci√™ncia se faz com transpar√™ncia. #InimigoDoMeioAmbiente https://t.co/jrVezSZv9j",226,1306680430545055744,2020-09-17 19:44:26,TweetDeck,184,43,Brasil,,
43,Bolsonaro ignora queimadas e desmatamento e diz que o Brasil est√° de 'parab√©ns' na quest√£o ambiental https://t.co/eCREJ7iKkY,124,1306732162884997122,2020-09-17 23:10:00,TweetDeck,143,36,S√£o Paulo,,
44,"A Marinha, por meio do Navio-Transporte Fluvial ‚ÄúAlmirante Leverger‚Äù, apoiou, ontem (16), o combate a um inc√™ndio pontual na vegeta√ß√£o da regi√£o do Porto da Manga, a 75 quil√¥metros de Corumb√°-MS. O incidente n√£o tem rela√ß√£o com os focos anteriores de queimadas no Pantanal. https://t.co/IROmzAJEUy",297,1306719500599951360,2020-09-17 22:19:41,Twitter for iPhone,426,46,Brasil,,
45,"Ainda neste ano, o Inpe tamb√©m registrou a maior taxa j√° contabilizada de focos de inc√™ndio no bioma, foram 15.756 registrados https://t.co/tTwdGL1Djj",150,1306649778445574144,2020-09-17 17:42:38,Twitter Web App,77,20,"S√£o Paulo, Brasil",,
